IdEstudiante,Genero,Edad,Dalgo,SISTRANS,INFRATEC,INFRACOM,MEL,FluidezEnInglés,Comunicación Oral,Comunicación Escrita,Resolución de problemas,Creatividad,Hackatones,CompetenciaPpal,Perfil
1,female,23,5,20,27,21,23,60,84,38,2,2,1,Python,Tech Support
2,female,23,5,35,11,27,2,76,59,55,3,2,1,Python,Tech Support
3,female,22,6,8,12,6,7,78,61,90,5,3,1,Python,Tech Support
4,female,22,6,11,12,12,16,76,61,54,5,3,1,C/C++,Tech Support
5,male,23,6,15,28,31,18,80,63,61,5,2,1,HTML/CSS,Tech Support
6,male,23,6,31,16,12,21,78,61,83,2,6,0,Python,Tech Support
7,male,23,6,,,63,93,68,61,84,2,6,1,Java,Tech Support
8,female,23,7,10,24,26,24,42,80,65,2,5,0,Python,Tech Support
9,male,23,7,20,14,10,20,36,73,52,2,5,1,Java,Tech Support
10,female,23,7,22,25,33,8,40,71,67,3,5,0,Python,
11,male,23,7,,,58,79,76,61,72,,5,1,Java,Tech Support
12,female,23,8,5,7,24,8,40,67,65,4,4,0,Java,Tech Support
13,female,21,8,11,5,5,5,70,75,81,3,4,0,C/C++,Tech Support
14,female,23,8,15,14,25,2,52,70,80,5,4,1,HTML/CSS,Tech Support
15,female,23,8,18,16,12,17,48,65,66,5,6,0,HTML/CSS,Tech Support
16,female,21,8,22,30,25,5,64,60,69,3,2,1,Python,Tech Support
17,female,22,8,23,10,14,0,74,72,68,4,5,0,HTML/CSS,Tech Support
18,female,24,8,22,30,62,91,64,60,90,4,5,1,Java,Tech Support
19,female,23,8,23,10,60,84,76,80,94,4,5,1,Java,Tech Support
20,female,21,9,12,29,27,25,80,67,67,5,5,0,HTML/CSS,Tech Support
21,female,22,10,16,16,25,5,76,67,62,2,2,0,HTML/CSS,
22,male,23,10,26,5,12,10,56,58,46,1,3,1,HTML/CSS,Tech Support
23,male,23,10,31,7,33,4,56,76,65,3,6,1,Java,Tech Support
24,female,22,11,20,27,15,10,70,69,100,2,5,1,Python,Tech Support
25,female,22,11,21,29,14,8,48,67,68,1,2,1,HTML/CSS,Tech Support
26,male,23,11,32,34,14,23,68,56,73,5,5,0,Java,Tech Support
27,male,23,11,32,34,67,98,78,85,71,2,5,1,Python,Tech Support
24,female,22,11,20,27,15,10,70,69,100,2,5,1,Python,Tech Support
25,female,22,11,21,29,14,8,48,67,68,1,2,1,HTML/CSS,
26,male,23,11,32,34,14,23,68,56,73,5,5,0,Java,Tech Support
28,female,22,12,12,23,28,19,78,73,72,3,5,1,HTML/CSS,Tech Support
29,male,21,12,24,27,26,13,80,84,83,1,3,0,HTML/CSS,Tech Support
30,female,21,12,34,24,31,0,52,61,66,4,4,0,HTML/CSS,Tech Support
31,female,22,12,34,24,67,75,70,81,87,4,4,1,Java,Tech Support
32,male,23,12,34,24,64,81,80,59,37,4,4,1,Java,Tech Support
33,male,23,13,20,30,7,3,60,66,63,5,3,0,Java,Tech Support
34,female,23,13,25,22,19,1,74,58,81,1,2,1,C/C++,Tech Support
35,female,22,14,6,32,25,21,76,60,87,2,2,1,Python,Tech Support
36,female,21,14,8,35,31,13,54,67,76,1,4,0,Python,Tech Support
37,female,23,14,16,33,8,21,60,58,79,3,6,0,C/C++,Tech Support
38,female,21,14,34,24,65,83,74,60,52,3,6,1,Java,Tech Support
39,male,21,15,6,29,19,1,64,75,63,3,4,1,Java,Tech Support
40,female,22,15,10,20,34,8,64,77,76,4,5,1,HTML/CSS,Tech Support
41,male,23,15,13,9,26,18,70,78,84,1,6,0,Python,Tech Support
42,male,23,15,19,31,16,1,62,70,99,4,6,0,C/C++,Tech Support
43,male,21,15,19,31,63,75,76,89,99,4,6,1,Java,Tech Support
44,male,22,16,6,34,10,19,60,85,56,1,6,1,Java,Tech Support
45,male,22,16,7,33,27,15,72,61,74,2,2,1,HTML/CSS,Tech Support
46,male,22,16,28,6,7,18,78,67,65,3,4,1,C/C++,Tech Support
47,male,23,16,28,19,11,4,68,78,72,5,6,0,HTML/CSS,Tech Support
48,male,23,16,28,19,69,93,58,65,56,5,6,1,Java,Tech Support
49,male,23,16,28,19,79,70,56,78,74,5,6,1,Java,Tech Support
50,female,22,17,18,13,33,21,78,69,82,4,4,1,HTML/CSS,Tech Support
51,female,22,17,27,5,28,18,74,62,79,3,4,1,Python,Tech Support
52,female,22,17,32,18,11,7,48,60,87,2,6,1,Python,Tech Support
53,female,22,17,32,18,70,96,48,86,82,2,6,1,Java,Tech Support
54,female,21,18,12,10,28,22,80,55,36,5,3,1,Java,Tech Support
55,male,20,18,22,29,11,19,78,60,78,4,2,0,HTML/CSS,Tech Support
56,female,23,18,32,18,56,75,54,79,74,4,2,1,Java,Tech Support
57,male,23,18,32,18,85,76,80,81,71,4,2,1,Java,Tech Support
58,male,22,19,29,21,23,16,70,55,59,4,2,1,Java,Tech Support
59,female,23,19,32,18,62,93,52,57,55,,,3,Deep Learning,DATA Scientist
60,female,22,20,9,19,27,18,72,76,53,3,3,0,HTML/CSS,Tech Support
61,male,23,20,17,10,16,22,80,60,80,5,5,0,Python,Tech Support
62,male,23,20,27,15,5,10,72,60,70,2,3,1,Python,Tech Support
63,male,21,20,33,25,7,13,76,62,85,3,2,0,C/C++,Tech Support
64,female,21,20,35,20,11,12,66,60,71,1,6,0,HTML/CSS,Tech Support
65,male,22,20,32,18,69,97,72,69,80,4,8,5,Javascript,Web Developer
66,female,23,21,6,15,33,20,74,61,81,3,2,0,Java,Tech Support
67,male,22,21,7,15,32,16,50,80,53,4,2,1,Python,Tech Support
68,female,22,21,15,9,21,13,80,80,82,4,6,1,Java,Tech Support
69,female,22,21,26,35,30,21,74,82,93,3,6,0,C/C++,Tech Support
70,female,22,21,34,8,5,5,76,83,78,2,6,0,Java,Tech Support
71,female,22,21,32,18,66,95,76,83,43,2,6,5,HTML/CSS,UI/UX
72,male,23,21,32,18,62,89,68,61,72,2,6,5,HTML/CSS,UI/UX
73,male,21,22,23,60,49,3,58,87,86,1,10,3,HTML/CSS,UI/UX
74,male,22,22,23,,81,85,78,58,52,4,2,5,HTML/CSS,UI/UX
75,male,23,22,23,,82,58,62,66,62,4,2,5,HTML/CSS,UI/UX
76,male,21,22,29,26,15,8,74,82,50,2,3,0,HTML/CSS,Tech Support
77,female,20,22,35,46,37,21,56,63,74,3,8,4,GitHub,UI/UX
78,male,22,22,35,,76,77,68,45,76,4,2,5,HTML/CSS,UI/UX
79,male,,22,35,,,,,83,,4,2,5,HTML/CSS,UI/UX
80,female,21,22,36,30,33,18,74,74,61,4,9,5,Photoshop,UI/UX
81,female,23,22,36,,89,84,62,53,77,4,2,5,HTML/CSS,UI/UX
82,female,23,22,36,,78,64,64,60,65,,,5,HTML/CSS,UI/UX
83,male,20,22,37,55,32,24,68,90,37,4,10,5,HTML/CSS,UI/UX
84,male,21,22,37,,79,84,48,49,75,4,2,5,HTML/CSS,UI/UX
85,female,,22,37,,,,,63,,,,3,Deep Learning,DATA Scientist
86,female,20,22,50,55,23,18,60,81,59,3,9,5,Photoshop,UI/UX
87,male,21,22,50,,78,84,74,59,78,4,10,4,Tensorflow,DATA Scientist
88,female,,22,50,,78,61,,66,,4,2,4,Tensorflow,DATA Scientist
89,female,23,22,32,18,67,98,70,84,85,,,3,Deep Learning,DATA Scientist
90,male,22,23,13,26,33,22,68,80,68,1,5,4,Tensorflow,DATA Scientist
91,male,21,23,21,42,22,12,74,59,50,2,9,4,Tensorflow,DATA Scientist
92,female,22,23,21,,89,75,52,52,89,4,10,4,Tensorflow,DATA Scientist
93,female,,23,21,,,,,68,,4,2,4,Tensorflow,DATA Scientist
94,male,22,23,30,13,34,8,78,61,46,5,6,0,Python,Tech Support
95,male,21,23,31,30,38,10,74,72,75,4,8,5,HTML/CSS,UI/UX
96,female,21,23,38,53,26,29,60,65,74,4,10,3,HTML/CSS,UI/UX
97,male,22,23,38,,88,83,74,60,57,,,4,Tensorflow,DATA Scientist
98,female,,23,38,,,,,80,6,4,8,4,Tensorflow,DATA Scientist
99,male,21,23,44,35,23,28,48,86,46,3,8,3,Deep Learning,DATA Scientist
100,female,23,23,44,,75,72,56,59,75,60,,4,Tensorflow,DATA Scientist
101,female,,23,44,,69,58,,62,74,,,4,Tensorflow,DATA Scientist
102,male,21,23,48,32,28,23,74,73,57,1,10,4,Tensorflow,DATA Scientist
103,female,23,23,48,13,77,78,60,56,6,72,,4,Tensorflow,DATA Scientist
104,female,,23,48,30,81,42,,61,46,,,4,Tensorflow,DATA Scientist
105,male,22,23,,53,66,94,60,71,75,77,,4,Tensorflow,DATA Scientist
106,female,22,24,5,25,9,14,74,59,74,2,4,3,Deep Learning,DATA Scientist
107,female,21,24,14,29,35,2,72,56,57,5,3,4,Tensorflow,DATA Scientist
108,female,21,24,19,35,6,12,76,58,6,1,2,4,Tensorflow,DATA Scientist
109,male,21,24,24,28,26,6,62,80,68,3,5,4,Tensorflow,DATA Scientist
110,male,22,24,27,14,34,6,62,84,46,3,6,4,Tensorflow,DATA Scientist
111,male,20,24,29,53,20,27,70,76,75,1,8,5,HTML/CSS,UI/UX
112,female,21,24,29,,75,76,72,44,74,81,,4,Tensorflow,DATA Scientist
113,female,,24,29,,60,54,,65,57,,,4,Tensorflow,DATA Scientist
114,female,22,24,32,5,21,17,70,82,6,5,6,3,Deep Learning,DATA Scientist
115,male,20,24,41,52,46,35,38,71,46,1,9,4,Tensorflow,DATA Scientist
116,female,21,24,41,13,87,82,80,47,75,77,,4,Tensorflow,DATA Scientist
117,male,,24,41,30,72,46,,71,74,,,4,Tensorflow,DATA Scientist
118,male,22,24,,53,55,90,64,63,57,70,,3,Deep Learning,DATA Scientist
119,female,24,24,,13,61,77,58,64,6,41,,3,Deep Learning,DATA Scientist
120,female,22,24,,30,60,89,80,81,46,84,,3,Deep Learning,DATA Scientist
121,female,23,24,,53,63,97,64,80,75,4,10,2,Python,DATA Scientist
122,male,23,24,,,67,92,80,80,74,4,2,2,Python,DATA Scientist
123,female,23,24,,,56,93,76,70,57,,,2,Python,DATA Scientist
124,female,24,25,12,17,12,12,68,67,6,5,3,1,Python,Tech Support
125,male,22,25,20,41,22,15,76,56,74,4,9,3,Photoshop,UI/UX
126,male,24,25,20,,85,81,78,80,57,4,10,2,Python,DATA Scientist
127,female,23,25,20,,69,48,54,64,6,4,2,2,Python,DATA Scientist
128,female,21,25,23,37,34,8,78,71,46,1,8,4,Javascript,UI/UX
129,female,22,25,23,,89,85,54,41,75,4,10,2,Python,DATA Scientist
130,female,,25,23,,,,,72,74,4,2,2,Python,DATA Scientist
131,female,20,25,27,42,46,20,76,67,57,1,10,5,GitHub,UI/UX
132,male,24,25,27,,89,78,64,43,6,4,10,2,Python,DATA Scientist
133,female,23,25,27,,76,46,80,63,74,4,2,2,Python,DATA Scientist
134,male,21,25,32,43,50,27,72,89,57,1,10,4,GitHub,UI/UX
135,male,21,25,32,,77,71,74,40,6,4,10,2,Python,DATA Scientist
136,female,,25,32,,72,46,,71,46,4,2,2,Python,DATA Scientist
137,female,20,25,33,55,40,4,68,82,75,1,7,4,Photoshop,UI/UX
138,male,22,25,33,,82,71,48,59,74,4,10,2,Python,DATA Scientist
139,male,,25,33,,81,42,,65,57,4,2,2,Python,DATA Scientist
140,female,22,25,34,12,15,13,56,72,6,1,4,1,Python,Tech Support
141,female,21,25,35,49,48,0,76,77,74,3,8,3,Photoshop,UI/UX
142,female,22,25,35,,82,83,72,51,57,4,10,2,Python,DATA Scientist
143,female,22,25,35,,62,45,64,64,6,4,2,2,Python,DATA Scientist
144,female,20,25,39,38,44,31,78,62,46,4,7,4,GitHub,UI/UX
145,male,23,25,39,,82,72,66,47,75,4,10,2,Python,DATA Scientist
146,female,23,25,39,,76,42,70,67,74,4,2,2,Python,DATA Scientist
147,male,23,26,16,14,32,4,78,73,57,1,3,0,C/C++,Tech Support
148,female,22,26,20,19,5,14,78,81,6,5,5,1,Python,Tech Support
149,male,22,26,20,25,33,25,68,85,74,1,6,0,C/C++,Tech Support
150,female,22,26,31,7,8,11,78,77,57,4,2,0,HTML/CSS,Tech Support
151,male,20,26,32,49,41,9,34,79,6,4,9,5,Photoshop,UI/UX
152,male,23,26,32,,79,81,74,79,46,4,10,2,Python,DATA Scientist
153,male,23,26,32,,82,48,54,67,75,4,2,2,Python,DATA Scientist
154,male,21,26,34,58,46,29,76,64,74,1,7,5,Figma,UI/UX
155,male,21,26,34,13,78,75,60,40,57,4,10,2,Python,DATA Scientist
156,male,,26,34,30,,,,62,6,4,2,2,Python,DATA Scientist
157,male,23,26,,53,59,77,74,76,74,,,2,Python,DATA Scientist
158,male,21,27,11,29,7,7,68,72,57,2,6,0,C/C++,Tech Support
159,male,24,27,12,13,31,2,30,82,6,1,2,0,HTML/CSS,Tech Support
160,male,22,27,14,18,13,3,58,66,46,1,5,1,C/C++,Tech Support
161,male,21,27,31,36,46,29,46,85,75,4,9,5,HTML/CSS,UI/UX
162,female,22,27,31,,77,83,80,40,74,2,6,2,Python,DATA Scientist
163,male,,27,31,,,,,65,57,1,2,2,Python,DATA Scientist
164,female,21,27,35,54,39,0,62,60,6,3,10,3,Photoshop,UI/UX
165,male,23,27,35,,79,72,78,49,74,2,6,2,Python,DATA Scientist
166,female,,27,35,,85,42,,68,57,1,2,2,Python,DATA Scientist
167,male,21,27,40,36,33,33,74,74,6,3,9,4,HTML/CSS,UI/UX
168,female,22,27,40,13,75,79,60,51,74,2,6,2,Python,DATA Scientist
169,female,,27,40,30,84,56,,72,57,1,2,2,Python,DATA Scientist
170,male,23,27,,53,66,79,54,69,6,,,2,Python,DATA Scientist
171,female,23,28,22,24,20,23,44,83,46,5,3,1,Python,Tech Support
172,male,23,28,23,6,28,2,68,59,75,5,4,1,Python,Tech Support
173,female,24,28,31,7,16,16,66,62,74,4,5,1,Python,Tech Support
174,female,21,28,32,34,42,9,76,67,57,4,10,4,HTML/CSS,UI/UX
175,female,20,28,32,45,35,10,78,85,6,3,10,3,Photoshop,UI/UX
176,male,22,28,32,57,21,7,78,76,74,1,8,4,Javascript,UI/UX
177,male,23,28,32,13,80,74,54,46,57,2,6,2,Tensorflow,DATA Scientist
178,female,22,28,32,30,90,71,70,60,6,1,2,2,Tensorflow,DATA Scientist
179,male,22,28,32,53,76,49,46,60,46,2,6,2,Tensorflow,DATA Scientist
180,female,,28,32,,72,42,,70,75,1,2,2,Tensorflow,DATA Scientist
181,female,22,28,34,41,47,18,62,59,74,1,7,3,Figma,UI/UX
182,female,21,28,34,13,75,72,76,60,57,2,6,2,Tensorflow,DATA Scientist
183,female,,28,34,30,,,,70,6,1,2,2,Tensorflow,DATA Scientist
184,male,22,28,,53,63,86,70,75,74,,,2,Tensorflow,DATA Scientist
185,female,20,29,24,42,39,33,74,89,57,4,10,3,Javascript,UI/UX
186,female,23,29,24,,90,74,78,49,6,2,6,2,Tensorflow,DATA Scientist
187,male,,29,24,,74,36,,75,74,1,2,2,Tensorflow,DATA Scientist
188,male,21,29,26,33,40,26,68,58,57,3,9,5,HTML/CSS,UI/UX
189,female,23,29,26,,88,75,40,49,6,2,6,2,Tensorflow,DATA Scientist
190,male,,29,26,,73,57,,66,46,1,2,2,Tensorflow,DATA Scientist
191,female,23,29,30,21,13,12,64,81,75,1,5,0,Java,Tech Support
192,female,21,29,41,48,49,7,54,67,74,1,8,4,Figma,UI/UX
193,male,21,29,41,,85,71,76,53,57,2,6,2,Tensorflow,DATA Scientist
194,female,,29,41,,70,58,,76,6,1,2,2,Tensorflow,DATA Scientist
195,female,24,30,19,22,25,13,78,79,74,5,5,0,Python,Tech Support
196,male,21,30,27,28,35,14,68,58,57,5,2,1,Python,Tech Support
197,female,20,30,28,45,50,15,62,64,6,3,7,5,GitHub,UI/UX
198,female,22,30,28,,77,82,70,43,46,,,2,Tensorflow,DATA Scientist
199,female,,30,28,,,,,63,75,,,2,Tensorflow,DATA Scientist
200,male,20,30,31,23,26,12,72,59,74,5,6,0,Python,Tech Support
201,male,21,30,32,17,10,8,80,80,57,3,6,0,HTML/CSS,Tech Support
202,male,20,30,38,32,32,16,54,80,6,1,7,3,Javascript,UI/UX
203,male,20,30,38,23,89,74,64,42,74,,,2,Tensorflow,DATA Scientist
204,male,,30,38,17,,,,78,57,,,2,Tensorflow,DATA Scientist
205,male,24,30,,32,55,99,46,60,6,4,8,5,Javascript,Web Developer
206,female,23,30,,,70,98,76,71,74,,,2,Tensorflow,DATA Scientist
207,female,23,31,8,34,24,0,72,65,57,5,5,1,C/C++,Tech Support
208,female,23,31,18,9,11,1,74,63,6,2,6,0,C/C++,Tech Support
209,female,22,31,18,13,34,21,70,78,46,1,5,1,C/C++,Tech Support
210,male,20,31,22,30,49,4,62,62,75,2,9,4,GitHub,UI/UX
211,male,22,31,22,,90,70,76,57,74,,,2,Tensorflow,DATA Scientist
212,male,,31,22,,63,59,,61,57,,,2,Tensorflow,DATA Scientist
213,female,21,31,32,7,20,6,64,72,6,5,3,0,HTML/CSS,Tech Support
214,male,20,31,33,52,32,27,64,80,74,4,9,3,GitHub,UI/UX
215,male,22,31,33,,83,71,68,41,57,,,2,Tensorflow,DATA Scientist
216,female,,31,33,,78,35,,73,6,,,2,Tensorflow,DATA Scientist
217,male,20,31,42,51,24,25,68,80,46,4,8,3,Figma,UI/UX
218,male,21,31,42,,82,75,78,53,75,,,2,Tensorflow,DATA Scientist
219,male,,31,42,,,,,82,74,,,2,Tensorflow,DATA Scientist
220,male,20,31,50,34,26,31,66,81,57,2,9,3,GitHub,UI/UX
221,female,23,31,50,23,82,76,60,55,6,,,2,Tensorflow,DATA Scientist
222,female,,31,50,17,77,51,,74,,,,2,Tensorflow,DATA Scientist
223,female,22,31,,32,70,85,78,63,,,,2,Tensorflow,DATA Scientist
224,male,22,32,6,26,32,14,48,67,,3,4,0,HTML/CSS,Tech Support
225,female,22,32,8,14,13,10,62,80,,4,2,0,C/C++,Tech Support
226,male,22,32,9,10,9,1,78,75,,5,2,0,Python,Tech Support
227,female,21,32,10,20,15,5,60,84,,5,3,0,HTML/CSS,Tech Support
228,male,20,32,20,38,44,33,60,65,,4,8,5,Photoshop,UI/UX
229,female,23,32,20,,90,83,78,51,,,,2,Tensorflow,DATA Scientist
230,male,,32,20,,67,57,,62,,,,2,Tensorflow,DATA Scientist
231,female,22,32,22,32,5,15,56,76,,5,6,0,Java,Tech Support
232,male,21,32,22,51,39,23,70,81,,4,10,5,Javascript,UI/UX
233,female,21,32,22,,83,72,74,52,,,,2,Tensorflow,DATA Scientist
234,female,,32,22,,,,,69,,,,2,Tensorflow,DATA Scientist
235,male,22,32,26,35,32,19,80,75,,2,6,1,HTML/CSS,Tech Support
236,female,20,32,31,38,22,15,46,67,,2,9,3,Photoshop,UI/UX
237,female,22,32,31,,76,74,58,40,,,,2,Tensorflow,DATA Scientist
238,male,,32,31,,62,39,,61,,,,2,Tensorflow,DATA Scientist
239,female,21,32,35,11,27,17,52,79,,2,3,0,C/C++,Tech Support
240,female,20,32,35,39,35,28,78,79,,2,10,3,HTML/CSS,UI/UX
241,female,22,32,35,,89,71,78,58,,,,2,Tensorflow,DATA Scientist
242,female,,32,35,,65,43,,68,,,,2,Tensorflow,DATA Scientist
243,female,20,32,37,40,29,33,62,61,,3,7,5,Figma,UI/UX
244,male,22,32,37,,90,78,66,42,,,,2,Tensorflow,DATA Scientist
245,female,,32,37,,,,,78,,,,5,Javascript,Web Developer85
246,female,21,32,38,46,26,25,66,57,,4,10,5,GitHub,UI/UX
247,female,22,32,38,23,78,77,68,49,,,,5,Javascript,Web Developer85
248,female,,32,38,17,,,,79,,,,5,Javascript,Web Developer85
249,female,24,32,37,32,60,90,54,79,,,,5,Javascript,Web Developer85
250,female,21,32,38,23,60,83,54,67,,,,5,Javascript,Web Developer85
251,male,25,32,38,17,60,96,76,68,,,,5,Javascript,Web Developer85
252,female,24,32,38,32,67,98,66,70,,,,5,Javascript,Web Developer85
253,female,23,32,12,,61,79,78,64,,,,5,Javascript,Web Developer85
254,female,22,32,28,,67,91,64,79,,,,5,Javascript,Web Developer85
255,female,22,33,12,9,34,3,74,85,,4,5,0,C/C++,Tech Support
256,female,20,33,28,43,31,12,66,85,,4,10,5,Figma,UI/UX
257,female,23,33,28,,80,75,78,42,,,,5,Javascript,Web Developer85
258,female,,33,28,,79,62,,63,,,,5,Javascript,Web Developer85
259,female,21,33,33,17,10,6,78,74,,3,6,0,Java,Tech Support
260,female,21,33,37,35,29,4,80,55,,3,9,3,HTML/CSS,UI/UX
261,male,23,33,37,,88,80,46,48,,74,,5,Javascript,Web Developer
262,male,24,33,37,,82,40,74,76,74,74,,5,Javascript,Web Developer
263,female,21,33,38,46,32,29,68,74,,2,10,4,Photoshop,UI/UX
264,female,23,33,38,,86,85,30,49,74,74,,5,Javascript,Web Developer
265,female,,33,38,,60,44,,64,57,74,,5,Javascript,Web Developer
266,male,23,34,15,6,30,20,78,74,,1,4,1,HTML/CSS,Tech Support
267,female,21,34,20,50,24,19,68,70,,1,9,3,HTML/CSS,UI/UX
268,female,21,34,20,,79,80,76,51,57,74,,5,Javascript,Web Developer
269,female,,34,20,,,,,66,57,74,,5,Javascript,Web Developer
270,female,21,34,25,54,21,31,42,55,,2,10,5,Figma,UI/UX
271,male,23,34,25,,84,82,78,41,57,74,,5,Javascript,Web Developer
272,male,,34,25,,84,55,,70,57,74,,5,Javascript,Web Developer
273,male,21,34,30,13,31,11,66,67,,2,4,0,Java,Tech Support
274,male,21,34,39,33,33,24,54,61,,1,9,5,Figma,UI/UX
275,female,22,34,39,,88,78,62,56,57,74,,5,Javascript,Web Developer
276,female,,34,39,,,,,71,57,74,,5,Javascript,Web Developer
277,male,20,34,45,39,49,24,72,62,,4,8,4,Photoshop,UI/UX
278,male,23,34,45,,77,77,60,59,57,74,,5,Javascript,Web Developer
279,male,,34,45,,63,51,,75,57,74,,5,Javascript,Web Developer
280,female,23,35,5,9,16,15,78,80,,4,5,1,C/C++,Tech Support
281,male,21,35,5,13,20,17,78,55,,3,5,1,Python,Tech Support
282,female,21,35,7,24,27,3,74,77,,2,4,1,C/C++,Tech Support
283,female,23,35,7,27,17,4,80,79,,1,2,0,HTML/CSS,Tech Support
284,male,24,35,10,12,18,6,76,81,,3,6,1,Java,Tech Support
285,female,20,35,15,31,33,3,40,64,,5,5,1,Java,Tech Support
286,female,20,35,28,38,46,25,62,60,,3,9,5,Photoshop,UI/UX
287,female,23,35,28,,89,76,78,54,57,70,,5,Javascript,Web Developer
288,female,,35,28,,69,37,,62,57,,,5,Javascript,Web Developer
289,male,20,35,37,59,29,33,76,75,6,3,7,5,GitHub,UI/UX
290,female,21,35,37,,79,81,64,40,74,82,,5,Javascript,Web Developer
291,female,,35,37,,,,,77,57,,,5,Javascript,Web Developer
292,female,23,35,,,62,95,60,90,6,99,,5,Javascript,Web Developer
293,male,23,35,,,60,81,74,59,46,47,,5,Javascript,Web Developer
294,female,21,36,36,57,35,26,62,88,75,2,10,4,Photoshop,UI/UX
295,female,22,36,36,,77,75,76,45,74,72,,5,Javascript,Web Developer
296,male,23,36,36,,85,61,76,61,57,95,,5,Javascript,Web Developer
297,female,21,36,45,36,34,23,78,61,6,4,7,4,GitHub,UI/UX
298,female,22,36,45,,82,82,72,42,74,53,,5,Javascript,Web Developer
299,male,,36,45,,,,,65,57,,,5,Javascript,Web Developer
300,female,21,37,25,41,43,14,58,70,6,2,8,3,Javascript,UI/UX
301,male,22,37,25,,78,74,78,56,46,79,,5,Javascript,Web Developer
302,female,,37,25,,,,,80,75,4,8,5,Javascript,Web Developer
303,male,20,38,37,55,46,15,70,88,74,4,9,3,Javascript,UI/UX
304,male,22,38,37,,84,85,64,50,57,69,,6,React,Web Developer
305,male,,38,37,,80,48,,63,6,,,6,React,Web Developer
306,male,20,38,38,35,31,20,78,81,74,3,7,5,GitHub,UI/UX
307,female,22,38,38,,87,71,52,70,57,59,,6,React,Web Developer
308,female,22,38,38,,61,62,60,73,6,51,,6,React,Web Developer
309,female,20,39,36,58,27,29,78,64,74,4,9,5,Figma,UI/UX
310,male,23,39,36,,77,81,68,60,57,82,,6,React,Web Developer
311,male,,39,36,,85,37,,74,6,,,6,React,Web Developer
312,female,20,39,39,58,43,31,78,75,46,4,8,3,GitHub,UI/UX
313,male,23,39,39,,88,77,44,58,75,60,,6,React,Web Developer
314,male,,39,39,,81,49,,62,74,,,6,React,Web Developer
315,female,22,39,46,45,47,3,58,65,57,4,10,4,HTML/CSS,UI/UX
316,female,21,40,34,36,29,9,58,72,6,4,9,3,Javascript,UI/UX
317,male,22,40,34,,89,72,74,44,74,73,,6,React,Web Developer
318,female,,40,34,,69,49,,69,57,,,2,Tensorflow,DATA Scientist
319,female,21,40,36,44,44,8,74,81,6,3,8,3,Photoshop,UI/UX
320,male,20,41,27,33,42,24,74,78,46,4,9,3,Photoshop,UI/UX
321,male,23,41,27,,88,84,70,40,75,85,,2,Tensorflow,DATA Scientist
322,male,22,41,27,,74,52,56,68,74,78,,2,Tensorflow,DATA Scientist
323,female,21,41,50,46,22,0,56,61,57,4,10,5,GitHub,UI/UX
324,female,21,41,50,50,43,24,56,74,6,4,8,5,GitHub,UI/UX
325,male,24,41,50,,88,76,56,58,,77,,2,Tensorflow,DATA Scientist
326,female,22,41,50,,85,80,74,55,74,53,,2,Tensorflow,DATA Scientist
327,male,,41,50,,73,63,,61,57,,,2,Tensorflow,DATA Scientist
328,male,,41,50,,,,,81,6,,,2,Python,DATA Scientist
329,male,21,42,29,49,20,33,78,84,74,1,10,5,Photoshop,UI/UX
330,female,21,42,29,,77,85,80,40,57,68,,2,Python,DATA Scientist
331,female,,42,29,,75,35,,71,6,,,2,Python,DATA Scientist
332,female,20,42,50,35,24,25,74,78,46,3,7,4,Photoshop,UI/UX
333,male,21,42,50,,82,74,52,56,75,45,,2,Python,DATA Scientist
334,male,,42,50,,,,,82,74,,,2,Python,DATA Scientist
335,female,20,43,25,53,21,4,76,64,57,1,7,3,Photoshop,UI/UX
336,male,23,43,25,,75,80,74,44,6,72,,2,Python,DATA Scientist
337,female,,43,25,,71,35,,76,74,,,2,Python,DATA Scientist
338,male,21,43,27,58,39,16,66,86,57,2,8,3,Figma,UI/UX
339,female,24,43,27,,76,83,78,59,6,60,,2,Python,DATA Scientist
340,male,,43,27,,76,60,,76,46,,,2,Python,DATA Scientist
341,male,20,43,38,49,38,30,66,81,75,3,9,3,HTML/CSS,UI/UX
342,female,22,43,38,,77,74,60,58,74,74,,2,Python,DATA Scientist
343,male,,43,38,,,,,77,57,,,2,Python,DATA Scientist
344,female,21,43,45,44,46,27,62,69,6,1,9,3,Photoshop,UI/UX
345,male,20,43,45,,77,82,68,58,,88,,2,Python,DATA Scientist
346,female,,43,45,,,,,66,,,,2,Python,DATA Scientist
347,male,20,43,48,59,35,21,42,69,74,1,9,3,GitHub,UI/UX
348,male,21,43,48,,88,85,78,43,57,54,,2,Python,DATA Scientist
349,female,,43,48,,66,58,,62,6,,,2,Python,DATA Scientist
350,male,20,43,49,38,49,2,56,55,74,3,8,5,Figma,UI/UX
351,female,23,43,49,,89,70,64,43,57,59,,2,Python,DATA Scientist
352,male,,43,49,,71,63,,76,6,,,2,Python,DATA Scientist
353,female,20,44,23,49,22,18,48,89,46,2,9,4,GitHub,UI/UX
354,male,22,44,23,,81,77,66,61,75,86,,2,Python,DATA Scientist
355,male,23,44,23,,63,56,78,65,74,76,,2,Python,DATA Scientist
356,male,21,45,30,53,25,0,78,68,57,4,9,4,Photoshop,UI/UX
357,female,21,45,30,,90,78,42,45,6,74,,2,Python,DATA Scientist
358,female,,45,30,,71,57,,63,74,,,2,Python,DATA Scientist
359,male,20,45,38,37,22,4,68,70,57,1,10,5,Javascript,UI/UX
360,male,23,45,38,,89,81,74,49,6,79,,2,Python,DATA Scientist
361,female,,45,38,,76,36,,76,46,,,2,Python,DATA Scientist
362,male,20,45,50,38,43,18,70,79,75,4,7,4,HTML/CSS,UI/UX
363,male,21,45,50,,85,78,80,44,74,64,,2,Python,DATA Scientist
364,female,,45,50,,,,,72,57,,,2,Python,DATA Scientist
365,female,20,46,20,48,40,12,64,55,6,1,10,3,Figma,UI/UX
366,male,22,46,20,,87,78,78,50,74,53,,3,Machine Learning,DATA Scientist
367,female,23,46,20,,76,61,78,65,57,76,,3,Machine Learning,DATA Scientist
368,male,20,46,27,55,49,30,64,71,6,4,8,5,Javascript,UI/UX
369,female,22,46,27,,82,72,66,49,74,87,,3,Machine Learning,DATA Scientist
370,female,,46,27,,,,,75,57,,,3,Machine Learning,DATA Scientist
371,female,21,47,26,40,28,22,44,84,6,2,8,5,HTML/CSS,UI/UX
372,female,21,47,26,,85,75,72,58,46,73,,3,Machine Learning,DATA Scientist
373,male,,47,26,,,,,80,75,4,8,5,Javascript,Web Developer
374,female,20,47,41,30,49,2,56,63,74,2,10,5,GitHub,UI/UX
375,female,22,47,41,,90,73,50,53,57,51,,3,Machine Learning,DATA Scientist
376,male,,47,41,,,,,69,6,,,3,Machine Learning,DATA Scientist
377,female,20,47,49,60,21,29,46,73,74,2,10,4,Photoshop,UI/UX
378,male,23,47,49,,81,74,74,44,57,61,,3,Machine Learning,DATA Scientist
379,male,,47,49,,74,45,,71,6,,,3,Machine Learning,DATA Scientist
380,male,20,47,78,77,48,44,68,60,46,4,7,7,Node.js,Web Developer
381,male,24,47,78,,77,50,74,60,75,52,,3,Machine Learning,DATA Scientist
382,female,,47,78,,,,,77,74,,,3,Machine Learning,DATA Scientist
383,female,21,47,79,93,44,30,66,54,57,4,8,6,GitHub,Web Developer
384,male,23,47,79,,76,46,60,71,6,4,8,5,Javascript,Web Developer
385,male,,47,79,,,,,65,70,,,3,Machine Learning,DATA Scientist
386,female,20,47,86,79,52,36,70,53,100,5,9,5,React,Web Developer
387,female,22,47,86,,81,42,52,67,77,63,,3,Machine Learning,DATA Scientist
388,male,,47,86,,,,,75,65,,,3,Machine Learning,DATA Scientist
389,male,20,47,87,88,52,31,74,59,75,4,9,5,Node.js,Web Developer
390,male,23,47,87,,63,56,70,80,75,,,3,Machine Learning,DATA Scientist
391,female,,47,87,,,,,85,,,,3,Machine Learning,DATA Scientist
392,female,21,47,88,77,57,28,52,56,70,6,9,9,Angular,Web Developer
393,female,20,47,88,84,43,42,62,44,100,4,8,8,HTML/CSS,Web Developer
394,female,22,47,88,,71,35,80,64,77,,,3,Oracle,Database Administrator
395,female,24,47,88,,69,58,64,76,65,,,3,Oracle,Database Administrator
396,male,,47,88,,,,,78,,,,3,Oracle,Database Administrator
397,,,47,88,,,,,77,,,,3,Oracle,Database Administrator
398,male,20,48,20,59,23,11,76,67,63,1,7,3,GitHub,UI/UX
399,male,23,48,20,,90,73,66,49,64,,,3,Oracle,Database Administrator
400,female,24,48,20,,63,56,70,71,77,,,3,Oracle,Database Administrator
401,male,21,48,24,55,22,6,72,76,53,4,8,3,Javascript,UI/UX
402,male,22,48,24,,86,75,72,49,86,,,3,Oracle,Database Administrator
403,male,23,48,24,,75,55,62,72,55,,,3,Oracle,Database Administrator
404,male,21,48,25,51,29,1,60,80,62,1,9,4,Photoshop,UI/UX
405,male,24,48,25,,76,85,40,54,70,57,,3,Machine Learning,DATA Scientist
406,male,,48,25,,,,,81,100,,,3,Machine Learning,DATA Scientist
407,male,20,48,27,50,39,21,74,86,77,3,10,3,Javascript,UI/UX
408,female,21,48,27,,88,81,64,60,65,89,,3,Machine Learning,DATA Scientist
409,female,,48,27,,,,,80,4,4,8,5,Javascript,Web Developer
410,male,20,48,45,53,22,13,74,70,70,4,8,4,Photoshop,UI/UX
411,male,21,48,45,,77,71,78,59,100,49,,6,React,Web Developer
412,female,,48,45,,,,,69,77,,,6,React,Web Developer
413,male,20,48,50,41,48,3,72,86,65,4,7,4,GitHub,UI/UX
414,female,22,48,50,,76,78,72,42,70,61,,6,React,Web Developer
415,female,,48,50,,82,61,,68,100,,,6,React,Web Developer
416,male,20,48,77,92,60,20,74,50,77,3,7,5,Angular,Web Developer
417,female,23,48,77,,76,78,62,53,70,76,,6,React,Web Developer
418,male,,48,77,,,,,68,100,,,6,React,Web Developer
419,female,21,48,80,88,47,41,60,43,77,3,9,4,Node.js,Web Developer
420,male,23,48,80,,73,57,48,66,65,74,,6,React,Web Developer
421,male,,48,80,,,,,,4,8,,5,Javascript,Web Developer67
422,female,21,48,88,75,52,20,60,57,100,3,9,6,React,Web Developer
423,male,23,48,88,,72,46,76,74,77,90,,4,Node.js,Web Developer
424,,,48,88,,,,,84,65,,,4,Node.js,Web Developer
425,female,23,49,22,41,26,7,70,61,4,1,8,3,Javascript,UI/UX
426,male,20,49,28,31,49,11,68,89,70,2,10,4,GitHub,UI/UX
427,male,23,49,28,,81,83,78,84,100,68,,4,Node.js,Web Developer
428,female,24,49,28,,84,35,68,60,77,45,,4,Node.js,Web Developer
429,female,21,49,46,49,34,24,68,55,65,2,10,4,GitHub,UI/UX
430,female,22,49,46,,75,74,62,45,70,79,,4,Node.js,Web Developer
431,female,,49,46,,70,40,,74,100,,,4,Node.js,Web Developer
432,male,22,49,86,83,53,42,54,45,77,5,8,7,React,Web Developer
433,male,22,49,86,,66,58,48,61,70,62,,4,Node.js,Web Developer
434,,,49,86,,,,,76,100,,,4,Node.js,Web Developer
435,female,20,50,27,46,40,19,74,83,77,3,9,5,Javascript,UI/UX
436,male,20,50,27,,89,85,80,53,65,9,,3,Oracle,Database Administrator
437,male,,50,27,,,,,76,4,9,,3,Oracle,Database Administrator
438,female,21,50,29,41,32,1,54,79,65,74,3,4,Figma,UI/UX
439,female,23,50,29,,75,79,76,49,70,40,,4,Node.js,Web Developer
440,male,,50,29,,,,,75,100,,,4,Node.js,Web Developer
441,male,21,50,41,44,38,35,78,79,77,67,3,3,Figma,UI/UX
442,female,21,50,41,,77,77,68,47,70,46,,4,Node.js,Web Developer
443,male,,50,41,,,,,79,34,,,5,Javascript,Web Developer85
444,male,20,50,42,50,21,6,78,80,34,3,8,3,Javascript,UI/UX
445,female,22,50,42,,77,83,72,51,52,,,5,Javascript,Web Developer85
446,female,,50,42,,,,,74,,,,5,Javascript,Web Developer85
447,female,21,50,45,58,38,4,68,80,78,4,9,3,Javascript,UI/UX
448,male,24,50,88,89,45,27,78,42,74,4,9,2,GitHub,Web Developer
449,male,23,50,88,,74,45,74,63,41,,,5,Javascript,Web Developer85
450,male,,50,88,,,,,69,41,,,5,Javascript,Web Developer85
451,male,20,51,46,48,25,28,78,63,66,2,10,2,GitHub,UI/UX
452,male,23,51,46,,79,71,76,58,62,,,3,Machine Learning,DATA Scientist
453,female,,51,46,,63,46,,70,62,,,3,Machine Learning,DATA Scientist
454,male,21,51,50,32,40,34,72,79,55,2,10,2,GitHub,UI/UX
455,female,23,51,50,,76,78,52,50,95,,,3,Machine Learning,DATA Scientist
456,female,,51,50,,74,37,,65,95,,,3,Machine Learning,DATA Scientist
457,female,21,51,78,73,42,44,78,53,66,5,7,4,React,Web Developer
458,male,23,51,78,,85,42,68,72,73,,,3,Machine Learning,DATA Scientist
459,,,51,78,,,,,72,73,,,5,Javascript,Web Developer85
460,female,21,51,87,83,45,45,58,53,66,6,8,4,Node.js,Web Developer
461,male,23,51,87,,78,64,64,65,73,,,5,Javascript,Web Developer85
462,female,,51,87,,,,,82,73,,,5,Javascript,Web Developer85
463,male,21,51,89,94,53,18,56,55,73,6,9,4,Angular,Web Developer
464,male,24,51,89,,68,46,78,80,91,,,5,Javascript,Web Developer85
465,female,20,51,89,94,53,18,56,80,4,4,8,4,Javascript,Web Developer
466,male,20,52,29,33,28,29,80,60,41,56,2,4,Figma,UI/UX
467,female,21,52,29,,81,70,56,56,41,69,,5,Javascript,Web Developer85
468,male,,52,29,,,,,66,66,,,5,Javascript,Web Developer85
469,male,20,52,38,33,38,19,66,62,62,44,1,3,Photoshop,UI/UX
470,female,20,52,49,54,28,0,34,64,62,68,3,5,Figma,UI/UX
471,male,24,52,49,,77,85,36,50,55,8,,3,Oracle,Database Administrator
472,male,,52,49,,68,39,,75,95,4,,3,Oracle,Database Administrator
473,female,21,52,76,90,55,31,50,52,95,3,8,7,GitHub,Web Developer
474,female,23,52,76,,60,54,78,70,66,70,,5,Javascript,Web Developer85
475,,,52,76,,,,,78,73,,,5,Javascript,Web Developer85
476,female,20,52,79,90,36,24,66,58,73,5,9,10,GitHub,Web Developer
477,male,23,52,79,,87,76,68,57,66,84,,5,Javascript,Web Developer85
478,male,,52,79,,,,,71,73,,,5,Javascript,Web Developer85
479,female,21,52,83,79,39,27,76,49,73,3,7,7,HTML/CSS,Web Developer
480,male,22,52,83,,62,39,56,63,73,84,,5,Javascript,Web Developer85
481,male,,52,83,,,,,67,91,,,5,Javascript,Web Developer85
482,male,21,53,82,73,38,28,70,49,4,4,8,7,Node.js,Web Developer
483,male,20,53,82,82,58,31,36,40,41,4,8,6,Javascript,Web Developer
484,female,23,53,82,,75,51,70,46,41,63,,5,Javascript,Web Developer85
485,male,23,53,82,,60,44,76,73,66,41,,5,Javascript,Web Developer85
486,male,,53,82,,,,,67,62,,,5,Javascript,Web Developer85
487,female,,53,82,,,,,67,62,,,5,Javascript,Web Developer85
488,female,20,53,85,86,40,43,78,47,55,3,7,8,Angular,Web Developer
489,male,23,53,85,,73,65,76,52,95,67,,5,Javascript,Web Developer85
490,female,,53,85,,,,,68,95,,,3,Deep Learning,DATA Scientist
491,female,20,53,89,95,38,25,74,43,66,5,8,8,HTML/CSS,Web Developer
492,male,23,53,89,,83,39,66,63,73,61,,3,Deep Learning,DATA Scientist
493,female,,53,89,,,,,66,73,,,3,Deep Learning,DATA Scientist
494,male,21,54,78,94,45,43,56,53,66,6,7,4,HTML/CSS,Web Developer
495,female,23,54,78,,79,62,64,79,73,82,,3,Deep Learning,DATA Scientist
496,female,,54,78,,,,,73,73,,,3,Deep Learning,DATA Scientist
497,female,20,54,80,84,58,23,64,58,73,3,9,7,Javascript,Web Developer
498,male,21,54,80,,69,35,76,64,91,65,,3,Deep Learning,DATA Scientist
499,female,,54,80,,,,,,4,8,,5,Javascript,Web Developer71
500,male,20,54,85,76,49,39,30,40,56,6,9,4,Node.js,Web Developer
501,male,22,54,85,,85,61,76,61,54,91,,3,Deep Learning,DATA Scientist
502,female,,54,85,,,,,80,5,4,8,5,Javascript,Web Developer
503,male,21,54,88,86,57,15,62,44,56,3,8,10,GitHub,Web Developer
504,female,23,54,88,,74,48,54,76,54,4,,3,Oracle,Database Administrator
505,male,,54,88,,,,,71,,3,,3,Oracle,Database Administrator
506,female,23,55,76,79,47,30,78,47,75,3,8,6,Angular,Web Developer
507,male,23,55,76,,63,56,78,80,71,4,,3,Oracle,Database Administrator
508,female,,55,76,,,,,69,70,3,,3,Oracle,Database Administrator
509,female,20,55,80,87,52,37,72,53,70,4,8,10,GitHub,Web Developer
510,male,21,55,80,,61,37,80,44,68,,,3,Deep Learning,DATA Scientist
511,male,,55,80,,,,,,4,8,,5,Javascript,Web Developer71
512,male,20,55,82,78,42,36,78,56,60,5,7,10,Javascript,Web Developer
513,female,23,55,82,,71,63,78,63,79,4,,3,Deep Learning,DATA Scientist
514,female,,55,82,,,,,83,79,3,,3,Deep Learning,DATA Scientist
515,female,21,55,84,74,51,32,74,52,55,6,7,6,GitHub,Web Developer
516,male,22,55,84,82,43,30,80,44,51,3,8,9,Angular,Web Developer
517,male,23,55,84,,78,61,80,79,57,4,,3,Deep Learning,DATA Scientist
518,male,24,55,84,,71,57,58,76,85,3,,5,Javascript,Web Developer85
519,,,55,84,,,,,72,85,4,,5,Javascript,Web Developer85
520,,,55,84,,,,,70,85,3,,5,Javascript,Web Developer85
521,female,21,55,90,81,36,29,68,46,86,4,7,5,Javascript,Web Developer
522,female,21,55,90,85,84,56,34,74,74,6,4,1,C/C++,Database Administrator
523,male,23,55,90,,77,74,78,67,72,4,,5,Javascript,Web Developer85
524,,,55,90,,,,,78,72,3,,5,Javascript,Web Developer85
525,male,24,55,96,79,73,65,76,79,69,6,6,2,Linux,Database Administrator
526,female,22,55,97,71,76,40,76,83,70,7,6,3,Oracle,Database Administrator
527,female,20,56,79,81,53,16,44,49,81,6,9,10,Node.js,Web Developer
528,female,23,56,79,,82,40,80,71,74,4,,3,Oracle,Database Administrator
529,male,,56,79,,,,,78,74,3,,3,Oracle,Database Administrator
530,female,20,56,81,77,83,57,70,78,50,4,5,3,C/C++,Database Administrator
531,male,20,56,83,85,35,33,74,50,82,5,7,5,HTML/CSS,Web Developer
532,male,22,56,83,,75,43,70,70,47,4,,5,Javascript,Web Developer85
533,female,,56,83,,,,,83,47,3,,3,Deep Learning,DATA Scientist
534,female,20,56,89,81,37,43,64,40,89,4,7,9,Node.js,Web Developer
535,female,22,56,89,,75,73,56,45,36,4,,3,Deep Learning,DATA Scientist
536,male,,56,89,,,,,73,36,3,,3,Deep Learning,DATA Scientist
537,male,20,56,91,69,60,44,66,84,55,6,5,3,MYSQL,Database Administrator
538,male,23,56,92,69,75,52,46,80,62,4,5,0,Oracle,Database Administrator
539,female,26,56,96,75,65,45,74,76,77,6,6,1,Oracle,Database Administrator
540,male,21,57,76,77,57,42,48,42,68,6,9,5,GitHub,Web Developer
541,female,23,57,76,,65,43,68,67,71,4,,3,Deep Learning,DATA Scientist
542,,,57,76,,,,,75,71,6,,3,Deep Learning,DATA Scientist
543,male,23,57,77,74,49,40,76,58,47,3,7,5,GitHub,Web Developer
544,male,23,57,77,,84,35,58,73,44,4,,3,Deep Learning,DATA Scientist
545,female,,57,77,,,,,70,44,6,,3,Deep Learning,DATA Scientist
546,female,20,57,81,67,62,39,72,74,76,4,7,3,MYSQL,Database Administrator
547,male,22,57,81,88,69,48,52,67,51,5,5,0,C/C++,Database Administrator
548,male,21,57,83,85,39,25,64,51,74,4,7,5,Javascript,Web Developer
549,male,22,57,83,,85,42,54,71,72,4,,1,Python,DATA Scientist
550,female,,57,83,,,,,77,72,6,,1,Python,DATA Scientist
551,male,21,57,84,70,50,30,62,51,47,5,9,6,React,Web Developer
552,female,21,57,84,80,68,39,76,65,84,7,7,2,HTML/CSS,Database Administrator
553,female,24,57,84,,65,37,70,57,93,4,,1,Python,DATA Scientist
554,male,,57,84,,,,,82,93,6,,1,Python,DATA Scientist
555,male,22,57,87,80,62,60,64,71,55,5,4,2,C/C++,Database Administrator
556,male,20,57,89,68,75,43,80,80,53,4,4,0,MYSQL,Database Administrator
557,male,20,57,90,79,58,43,40,40,93,6,9,5,HTML/CSS,Web Developer
558,male,21,57,90,84,68,54,60,72,72,5,4,3,HTML/CSS,Database Administrator
559,male,24,57,90,,82,58,72,67,48,4,,1,Python,DATA Scientist
560,female,,57,90,,,,,71,48,6,,1,Python,DATA Scientist
561,male,22,58,82,78,50,31,66,45,65,4,8,4,React,Web Developer
562,male,24,58,82,83,36,28,60,52,51,5,9,6,Javascript,Web Developer
563,female,23,58,82,,76,36,78,78,51,4,,1,Python,DATA Scientist
564,female,22,58,82,,70,58,64,74,53,6,,1,Python,DATA Scientist
565,male,,58,82,,,,,65,55,4,,1,Python,DATA Scientist
566,,,58,82,,,,,70,57,6,,1,Python,DATA Scientist
567,female,21,58,84,85,40,19,78,49,77,5,9,10,GitHub,Web Developer
568,female,23,58,84,,70,40,54,60,52,4,,1,Python,DATA Scientist
569,female,,58,84,,,,,71,52,6,,1,Python,DATA Scientist
570,male,20,58,85,81,55,15,76,43,66,4,9,6,Node.js,Web Developer
571,female,22,58,85,93,47,34,74,53,70,4,7,9,Node.js,Web Developer
572,male,23,58,85,,76,61,80,79,59,4,,1,Python,DATA Scientist
573,female,23,58,85,,74,36,78,65,70,6,,1,Python,DATA Scientist
574,female,,58,85,,,,,80,4,8,,5,Javascript,Web Developer
575,female,,58,85,,,,,84,,,,4,Tensorflow,DATA Scientist
576,male,21,58,90,70,59,37,78,60,75,6,7,4,React,Web Developer
577,male,21,58,90,70,69,49,62,73,56,5,4,1,HTML/CSS,Database Administrator
578,female,23,58,90,,84,55,66,78,67,4,,4,Tensorflow,DATA Scientist
579,,,58,90,,,,,78,,6,,4,Tensorflow,DATA Scientist
580,male,21,58,92,71,80,63,80,79,66,7,4,0,Linux,Database Administrator
581,female,20,59,76,74,36,39,80,40,89,5,8,7,React,Web Developer
582,female,23,59,76,,75,52,68,74,53,4,,4,Tensorflow,DATA Scientist
583,female,,59,76,,,,,72,,6,,4,Tensorflow,DATA Scientist
584,male,21,59,80,68,67,50,78,68,73,7,5,3,C/C++,Database Administrator
585,male,21,59,80,72,78,61,66,70,66,7,4,0,HTML/CSS,Database Administrator
586,male,21,59,82,73,60,42,78,44,75,6,7,8,HTML/CSS,Web Developer
587,female,23,59,82,73,74,52,64,73,95,4,,4,Tensorflow,DATA Scientist
588,male,,59,82,73,,,,68,,6,,4,Tensorflow,DATA Scientist
589,male,20,59,85,73,56,19,78,44,92,5,7,4,Angular,Web Developer
590,male,24,59,85,,80,35,48,65,87,4,,4,Tensorflow,DATA Scientist
591,male,,59,85,,,,,71,,6,,4,Tensorflow,DATA Scientist
592,male,21,59,88,,37,40,66,43,74,3,7,10,Javascript,Web Developer
593,female,22,59,88,84,86,72,48,52,51,,8,5,Javascript,Web Developer
594,female,,59,88,84,,,,80,4,,8,5,Javascript,Web Developer
595,male,21,59,90,73,45,43,78,46,64,4,8,10,React,Web Developer
596,male,22,59,90,,71,35,62,45,50,,,6,Node.js,Web Developer
597,male,,59,90,,,,,79,,,,6,Node.js,Web Developer
598,male,26,59,94,83,78,47,54,66,67,5,6,0,MYSQL,Database Administrator
599,male,21,59,99,82,81,42,72,70,45,4,6,2,HTML/CSS,Database Administrator
600,female,22,60,76,73,42,26,80,41,71,4,9,8,Node.js,Web Developer
601,female,22,60,76,,69,48,76,68,66,,,6,Node.js,Web Developer
602,female,,60,76,,,,,83,,,,6,Node.js,Web Developer
603,female,21,60,80,84,40,24,66,49,72,4,8,5,Angular,Web Developer
604,female,20,60,80,94,40,45,74,49,86,6,8,10,React,Web Developer
605,female,21,60,80,83,65,45,72,52,69,,,6,Node.js,Web Developer
606,female,23,60,80,82,71,65,80,74,88,,,6,Node.js,Web Developer
607,female,,60,80,,,,,,,4,8,5,Javascript,Web Developer85
608,female,,60,80,,,,,,,4,8,5,Javascript,Web Developer72
609,female,21,60,83,73,62,45,46,69,62,7,5,0,HTML/CSS,Database Administrator
610,female,22,60,86,84,45,28,64,49,61,6,8,4,Angular,Web Developer
611,female,25,60,86,83,84,36,70,66,46,,,6,Node.js,Web Developer
612,female,,60,86,82,,,,72,,,,6,Node.js,Web Developer
613,female,21,60,87,85,60,29,64,51,70,6,9,9,HTML/CSS,Web Developer
614,female,22,60,87,83,84,56,78,64,66,,,6,Node.js,Web Developer
615,female,,60,87,82,,,,85,,,,6,Node.js,Web Developer
616,male,22,60,88,73,49,19,78,58,70,3,8,7,Javascript,Web Developer
617,male,22,60,88,83,70,37,54,70,78,,,6,Node.js,Web Developer
618,female,,60,88,82,,,,75,,,,6,Node.js,Web Developer
619,female,22,60,94,71,81,59,74,85,82,7,3,1,Oracle,Database Administrator
620,female,20,61,75,71,50,28,74,45,58,3,8,5,Javascript,Web Developer
621,male,24,61,75,83,63,46,76,75,100,,,6,Node.js,Web Developer
622,male,,61,75,82,,,,69,,,,6,Node.js,Web Developer
623,male,22,61,79,83,42,40,70,46,62,6,7,6,Node.js,Web Developer
624,female,24,61,79,83,75,35,34,71,74,,,4,Tensorflow,DATA Scientist
625,,,61,79,82,,,,73,,,,4,Tensorflow,DATA Scientist
626,male,23,61,82,85,66,58,68,67,82,6,7,0,HTML/CSS,Database Administrator
627,female,20,61,85,90,56,45,60,49,78,4,7,6,GitHub,Web Developer
628,female,22,61,85,83,62,45,76,61,27,,,4,Tensorflow,DATA Scientist
629,male,,61,85,82,,,,73,,,,4,Tensorflow,DATA Scientist
630,male,21,61,86,87,43,32,78,58,48,3,9,5,Node.js,Web Developer
631,female,23,61,86,83,83,57,76,80,66,,,4,Tensorflow,DATA Scientist
632,female,,61,86,82,,,,74,,,,4,Tensorflow,DATA Scientist
633,female,22,61,87,81,39,21,56,60,78,3,9,9,HTML/CSS,Web Developer
634,female,23,61,87,83,76,60,52,63,91,,,4,Tensorflow,DATA Scientist
635,female,,61,87,82,,,,82,,,,4,Tensorflow,DATA Scientist
636,female,21,61,89,85,63,56,64,80,97,7,5,0,C/C++,Database Administrator
637,male,24,61,89,86,60,54,68,67,57,4,3,3,MYSQL,Database Administrator
638,female,20,61,92,73,76,61,80,72,77,4,7,0,HTML/CSS,Database Administrator
639,male,23,61,95,86,64,65,54,78,60,6,5,0,C/C++,Database Administrator
640,male,21,61,97,67,71,41,80,79,65,6,7,2,Linux,Database Administrator
641,male,21,61,97,70,74,52,56,65,73,5,5,3,HTML/CSS,Database Administrator
642,male,20,61,100,70,61,62,68,82,82,4,5,3,Linux,Database Administrator
643,male,21,62,78,81,38,25,74,54,65,6,9,10,GitHub,Web Developer
644,female,23,62,78,70,80,48,76,61,60,,,4,Tensorflow,DATA Scientist
645,,,62,78,81,,,,73,,,,4,Tensorflow,DATA Scientist
646,male,20,62,80,71,85,42,64,80,86,5,3,0,C/C++,Database Administrator
647,female,21,62,81,69,76,42,70,72,74,6,5,1,Linux,Database Administrator
648,male,21,62,81,92,45,34,78,41,41,3,9,10,HTML/CSS,Web Developer
649,female,22,62,81,70,80,63,60,69,84,,,4,Tensorflow,DATA Scientist
650,male,,62,81,81,,,,70,,,,4,Tensorflow,DATA Scientist
651,female,21,62,82,80,51,34,68,51,51,3,7,7,Angular,Web Developer
652,female,25,62,82,80,69,35,70,83,79,7,5,0,HTML/CSS,Database Administrator
653,male,23,62,82,85,82,35,54,80,67,5,6,2,C/C++,Database Administrator
654,female,22,62,82,70,71,41,64,78,51,,,6,Node.js,Web Developer
655,female,,62,82,81,,,,65,,,,6,Node.js,Web Developer
656,male,20,62,84,67,73,63,62,80,72,5,3,3,Linux,Database Administrator
657,female,20,62,84,76,58,16,70,42,67,5,9,8,React,Web Developer
658,female,23,62,84,70,67,57,46,73,80,4,8,5,Javascript,Web Developer
659,male,,62,84,81,,,,77,,,,6,Node.js,Web Developer
660,female,20,62,88,84,82,48,76,78,69,6,5,3,Linux,Database Administrator
661,female,23,62,89,70,76,60,76,77,91,6,3,2,Oracle,Database Administrator
662,male,21,62,89,92,59,24,76,58,45,3,9,9,HTML/CSS,Web Developer
663,female,24,62,89,70,69,49,74,67,44,,,4,Tensorflow,DATA Scientist
664,,,62,89,81,,,,78,,,,4,Tensorflow,DATA Scientist
665,female,21,62,93,74,83,46,66,73,68,5,7,0,C/C++,Database Administrator
666,male,20,62,96,81,67,57,76,85,64,7,3,3,Linux,Database Administrator
667,female,22,62,97,74,84,35,48,76,80,6,7,0,Linux,Database Administrator
668,female,20,63,78,82,41,32,76,45,84,4,9,5,GitHub,Web Developer
669,male,22,63,78,70,76,40,54,65,82,,,4,Tensorflow,DATA Scientist
670,male,,63,78,81,,,,84,,,,4,Tensorflow,DATA Scientist
671,male,21,63,81,82,75,55,78,77,49,7,3,2,MYSQL,Database Administrator
672,male,21,63,82,65,73,57,66,75,68,7,3,1,C/C++,Database Administrator
673,male,22,63,82,87,51,33,76,59,75,6,9,7,Angular,Web Developer
674,male,23,63,82,70,62,60,70,74,61,,,4,Tensorflow,DATA Scientist
675,male,,63,82,81,,,,70,,,,4,Tensorflow,DATA Scientist
676,female,20,63,83,91,38,21,78,58,78,3,7,10,GitHub,Web Developer
677,male,22,63,83,70,77,51,66,63,72,,,6,Node.js,Web Developer
678,female,,63,83,81,,,,70,,,,6,Node.js,Web Developer
679,female,20,63,86,66,67,57,68,70,90,5,4,2,MYSQL,Database Administrator
680,male,24,63,86,68,82,61,76,85,68,5,5,1,Oracle,Database Administrator
681,female,22,63,86,88,57,40,78,49,88,5,7,7,Node.js,Web Developer
682,female,23,63,86,70,75,55,68,74,38,5,5,1,Oracle,Database Administrator
683,male,,63,86,81,,,,65,,5,7,7,Node.js,Web Developer
684,female,22,63,88,73,54,25,76,52,76,3,7,6,React,Web Developer
685,female,23,63,88,70,82,74,62,77,69,5,5,1,Oracle,Database Administrator
686,,,63,88,81,,,,76,,5,7,7,Node.js,Web Developer
687,male,21,63,89,82,66,48,72,73,54,4,5,0,C/C++,Database Administrator
688,female,21,63,94,75,71,65,58,81,80,7,7,2,HTML/CSS,Database Administrator
689,female,23,63,95,78,68,46,78,77,67,7,5,3,C/C++,Database Administrator
690,male,21,64,75,90,39,22,78,44,78,5,8,7,Angular,Web Developer
691,male,22,64,75,70,82,48,78,79,54,5,5,1,Oracle,Database Administrator
692,female,,64,75,81,,,,74,,5,7,7,Node.js,Web Developer
693,male,21,64,86,70,79,62,48,69,76,6,7,2,Linux,Database Administrator
694,male,20,64,87,79,82,40,78,67,60,6,6,1,Linux,Database Administrator
695,female,21,64,87,80,72,46,56,83,54,5,4,3,HTML/CSS,Database Administrator
696,male,21,64,90,71,53,16,80,43,52,3,9,10,Javascript,Web Developer
697,male,23,64,90,70,74,37,74,61,58,5,5,1,Oracle,Database Administrator
698,,,64,90,81,,,,70,,5,7,7,Node.js,Web Developer
699,male,22,64,91,73,74,45,74,82,67,7,7,3,C/C++,Database Administrator
700,male,22,64,94,65,60,35,78,73,54,7,5,2,Oracle,Database Administrator
701,female,20,64,97,79,74,45,60,65,62,6,5,1,Oracle,Database Administrator
702,female,24,64,100,78,71,64,68,71,54,4,4,1,Oracle,Database Administrator
703,male,23,65,77,94,56,43,68,40,49,4,7,7,Node.js,Web Developer
704,male,23,65,77,70,81,42,74,60,100,5,5,1,Oracle,Database Administrator
705,male,,65,77,81,,,,83,,5,7,7,Node.js,Web Developer
706,male,21,65,79,72,53,19,80,59,56,3,7,8,GitHub,Web Developer
707,male,21,65,79,94,50,44,78,57,74,4,7,10,React,Web Developer
708,female,24,65,79,70,78,47,78,67,96,,,4,Tensorflow,DATA Scientist
709,female,23,65,79,81,71,39,78,64,80,4,8,5,Javascript,Web Developer
710,male,,65,79,70,,,,78,,5,5,1,Oracle,Database Administrator
711,female,,65,79,81,,,,72,,5,7,7,Node.js,Web Developer
712,male,21,65,81,80,47,38,48,50,68,5,9,4,GitHub,Web Developer
713,male,22,65,81,70,76,49,76,78,85,5,5,1,Oracle,Database Administrator
714,female,,65,81,81,,,,67,,5,7,7,Node.js,Web Developer
715,female,22,65,82,66,74,37,68,65,90,7,7,1,Oracle,Database Administrator
716,female,21,65,83,70,38,23,78,49,93,5,9,9,GitHub,Web Developer
717,female,22,65,83,70,60,36,40,60,38,,,4,Tensorflow,DATA Scientist
718,female,,65,83,81,,,,80,4,7,8,5,Javascript,Web Developer
719,male,21,65,85,71,38,19,74,45,61,3,8,4,Node.js,Web Developer
720,female,21,65,85,74,54,16,42,50,64,3,9,5,GitHub,Web Developer
721,male,23,65,85,70,61,62,66,79,70,5,5,1,Oracle,Database Administrator
722,male,24,65,85,81,76,42,80,62,69,5,7,7,Node.js,Web Developer
723,male,,65,85,70,,,,69,,5,5,1,Oracle,Database Administrator
724,female,,65,85,81,,,,74,,5,7,7,Node.js,Web Developer
725,female,21,65,87,88,73,59,34,69,92,4,3,3,MYSQL,Database Administrator
726,female,21,65,88,83,55,19,64,49,79,3,8,8,React,Web Developer
727,female,22,65,88,70,73,65,64,65,81,5,5,1,Oracle,Database Administrator
728,male,,65,88,81,,,,65,,5,7,7,Node.js,Web Developer
729,male,23,65,90,87,51,31,54,60,40,4,8,5,Angular,Web Developer
730,male,23,65,90,,66,48,76,74,76,5,5,1,Oracle,Database Administrator
731,female,,65,90,,,,,67,,5,7,7,Node.js,Web Developer
732,male,21,65,92,79,70,37,76,68,59,7,5,3,HTML/CSS,Database Administrator
733,male,22,65,98,88,61,37,74,66,63,5,7,3,HTML/CSS,Database Administrator
734,male,21,66,76,92,42,20,76,58,49,4,9,5,Angular,Web Developer
735,male,23,66,76,70,78,35,60,61,69,5,5,1,Oracle,Database Administrator
736,,,66,76,81,,,,83,,5,7,7,Node.js,Web Developer
737,male,22,66,88,77,54,42,42,56,65,4,9,6,GitHub,Web Developer
738,female,22,66,88,,72,46,74,73,52,3,8,9,GitHub,Web Developer
739,,,66,88,,,,,78,,6,9,9,Javascript,Web Developer
740,female,22,66,90,91,41,29,56,47,87,5,7,7,Javascript,Web Developer
741,female,23,66,90,,69,37,76,66,51,3,8,9,GitHub,Web Developer
742,,,66,90,,,,,75,,6,9,9,Javascript,Web Developer
743,female,20,66,92,86,63,46,64,80,91,5,3,1,Oracle,Database Administrator
744,male,23,66,93,86,75,51,64,82,85,4,3,3,Linux,Database Administrator
745,female,23,66,98,88,85,42,68,83,76,6,5,1,Linux,Database Administrator
746,female,20,67,82,71,70,40,80,78,83,7,7,1,C/C++,Database Administrator
747,male,23,67,82,72,58,15,72,42,74,3,8,9,GitHub,Web Developer
748,male,20,67,82,77,40,19,64,48,90,6,9,9,Javascript,Web Developer
749,female,23,67,82,77,60,36,76,68,93,7,3,0,Oracle,Database Administrator
750,male,22,67,82,,80,84,70,46,64,3,8,9,GitHub,Web Developer
751,male,23,67,82,,72,42,74,72,48,6,9,9,Javascript,Web Developer
752,male,,67,82,,,,,83,,3,8,9,GitHub,Web Developer
753,female,,67,82,,,,,78,,6,9,9,Javascript,Web Developer
754,female,22,67,85,84,57,37,78,51,87,5,8,8,GitHub,Web Developer
755,male,23,67,85,,85,37,78,72,66,3,8,9,GitHub,Web Developer
756,female,,67,85,,,,,73,,6,9,9,Javascript,Web Developer
757,female,21,67,90,91,55,30,80,56,66,5,7,5,GitHub,Web Developer
758,female,23,67,90,,74,45,72,65,46,3,8,9,GitHub,Web Developer
759,,,67,90,,,,,77,,6,9,9,Javascript,Web Developer
760,male,21,67,91,81,76,36,60,71,62,7,6,0,MYSQL,Database Administrator
761,male,22,67,92,66,82,58,52,72,80,5,4,3,C/C++,Database Administrator
762,female,24,67,100,78,75,35,46,67,70,5,7,1,MYSQL,Database Administrator
763,male,20,68,82,85,76,49,78,80,72,6,5,0,MYSQL,Database Administrator
764,female,22,68,83,86,47,31,78,60,100,3,7,6,Javascript,Web Developer
765,male,22,68,83,,73,63,66,71,91,3,8,9,GitHub,Web Developer
766,,,68,83,,,,,82,,6,9,9,Javascript,Web Developer
767,female,21,68,85,66,72,46,76,78,90,6,6,1,HTML/CSS,Database Administrator
768,male,20,69,79,91,43,35,76,59,69,5,8,10,GitHub,Web Developer
769,male,23,69,79,,67,50,64,74,74,3,8,9,GitHub,Web Developer
770,female,,69,79,,,,,66,,6,9,9,Javascript,Web Developer
771,female,21,69,81,74,48,23,74,52,47,6,7,9,Javascript,Web Developer
772,male,22,69,81,,82,61,72,72,66,3,8,9,GitHub,Web Developer
773,,,69,81,,,,,85,,6,9,9,Javascript,Web Developer
774,female,20,69,82,71,37,32,74,45,100,6,7,4,GitHub,Web Developer
775,female,21,69,82,,83,53,80,43,85,3,8,9,GitHub,Web Developer
776,female,,69,82,,,,,78,,6,9,9,Javascript,Web Developer
777,female,20,69,84,84,50,34,78,59,65,3,7,9,Javascript,Web Developer
778,female,23,69,84,,82,35,80,74,72,3,8,9,GitHub,Web Developer
779,female,,69,84,,,,,67,,6,9,9,Javascript,Web Developer
780,male,21,69,86,77,77,50,78,80,34,4,5,2,Oracle,Database Administrator
781,female,21,69,87,87,40,15,80,57,77,5,8,6,GitHub,Web Developer
782,male,22,69,87,,76,85,74,74,96,3,8,9,GitHub,Web Developer
783,,,69,87,,,,,90,,6,9,9,Javascript,Web Developer
784,female,20,69,88,75,72,42,78,69,85,6,6,3,C/C++,Database Administrator
785,female,20,69,88,84,57,34,72,56,100,5,8,9,Angular,Web Developer
786,male,21,69,88,,64,65,74,78,55,3,8,9,GitHub,Web Developer
787,female,,69,88,,,,,76,,6,9,9,Javascript,Web Developer
788,male,22,69,90,69,63,59,54,83,48,6,7,0,Linux,Database Administrator
789,male,22,70,72,56,65,83,78,75,41,8,7,4,Tensorflow,DATA Scientist
790,male,27,70,76,58,70,98,52,70,57,6,4,2,Deep Learning,DATA Scientist
791,female,22,70,76,70,58,17,80,42,54,6,9,9,Angular,Web Developer
792,male,23,70,76,,68,39,46,64,55,8,7,4,Tensorflow,DATA Scientist
793,female,,70,76,,,,,69,,6,4,4,Tensorflow,DATA Scientist
794,male,20,70,77,77,39,16,78,41,64,6,7,5,GitHub,Web Developer
795,male,22,70,77,,63,59,68,63,82,8,7,4,Tensorflow,DATA Scientist
796,male,,70,77,,,,,73,,6,4,4,Tensorflow,DATA Scientist
797,male,22,70,79,56,64,89,66,65,62,6,7,3,Deep Learning,DATA Scientist
798,female,22,70,79,73,36,40,72,55,62,4,8,5,Javascript,Web Developer
799,female,23,70,79,,63,51,62,62,80,4,8,5,Javascript,Web Developer
800,female,24,70,79,,86,72,56,61,80,4,8,5,Javascript,Web Developer
801,,,70,79,,,,,84,,8,7,4,Tensorflow,DATA Scientist
802,,,70,79,,,,,77,,6,4,4,Tensorflow,DATA Scientist
803,male,20,70,83,76,39,20,78,59,74,5,8,5,GitHub,Web Developer
804,female,23,70,83,,81,49,58,61,89,8,7,4,Tensorflow,DATA Scientist
805,female,,70,83,,,,,76,,6,4,4,Tensorflow,DATA Scientist
806,female,21,70,84,68,60,45,78,69,92,5,7,1,Oracle,Database Administrator
807,female,22,70,84,71,62,89,78,78,68,9,5,3,R,DATA Scientist
808,male,22,70,84,79,83,39,76,74,78,7,3,3,MYSQL,Database Administrator
809,female,21,70,84,84,81,42,76,65,89,7,3,0,Oracle,Database Administrator
810,male,23,70,84,,82,82,78,75,61,8,7,4,Tensorflow,DATA Scientist
811,,,70,84,,,,,90,,6,4,4,Tensorflow,DATA Scientist
812,male,22,70,85,67,65,95,56,74,75,7,6,3,R,DATA Scientist
813,male,23,70,85,68,64,77,70,61,80,9,4,2,Deep Learning,DATA Scientist
814,male,23,70,85,,84,36,34,71,75,8,7,4,Tensorflow,DATA Scientist
815,male,22,70,85,,62,60,70,74,94,6,4,4,Tensorflow,DATA Scientist
816,,,70,85,,,,,75,,8,7,4,Tensorflow,DATA Scientist
817,,,70,85,,,,,87,,6,4,4,Tensorflow,DATA Scientist
818,male,21,70,86,75,74,36,76,83,65,6,7,0,MYSQL,Database Administrator
819,female,21,70,86,92,36,26,68,40,81,5,8,4,Javascript,Web Developer
820,male,22,70,86,,67,57,70,64,66,8,7,4,Tensorflow,DATA Scientist
821,female,,70,86,,,,,72,,6,4,4,Tensorflow,DATA Scientist
822,male,21,70,92,87,80,48,76,73,46,4,5,1,C/C++,Database Administrator
823,male,21,71,71,64,56,81,52,74,81,6,7,4,Machine Learning,DATA Scientist
824,male,22,71,71,,65,45,76,72,69,8,7,1,Python,DATA Scientist
825,,,71,71,,,,,90,,6,4,1,Python,DATA Scientist
826,male,22,71,79,59,57,91,70,79,78,6,5,3,Tensorflow,DATA Scientist
827,female,23,71,79,,85,42,64,77,61,8,7,1,Python,DATA Scientist
828,,,71,79,,,,,75,,6,4,1,Python,DATA Scientist
829,male,20,71,82,70,78,35,72,65,61,4,7,1,MYSQL,Database Administrator
830,female,22,71,84,67,65,37,70,77,74,5,7,0,HTML/CSS,Database Administrator
831,male,23,71,87,71,59,83,76,80,42,8,5,1,Python,DATA Scientist
832,female,24,71,87,,77,50,72,72,69,8,7,1,Python,DATA Scientist
833,,,71,87,,,,,83,,6,4,2,R,DATA Scientist
834,female,21,71,88,88,70,58,66,82,68,4,6,2,C/C++,Database Administrator
835,female,21,71,95,88,81,49,62,67,100,5,3,3,HTML/CSS,Database Administrator
836,female,21,71,98,65,84,55,78,67,70,5,6,1,C/C++,Database Administrator
837,female,21,72,45,84,84,78,66,84,33,8,6,2,Python,Network Engineer
838,female,23,72,48,76,90,72,42,76,78,6,5,1,Ansible,Network Engineer
839,male,24,72,56,78,94,77,70,74,92,5,5,0,Linux,Network Engineer
840,female,23,72,56,80,93,74,78,83,68,8,6,2,Python,Network Engineer
841,female,22,72,57,86,100,74,68,77,65,6,4,1,Ansible,Network Engineer
842,female,24,72,57,89,81,69,64,72,89,7,7,2,Wire Shark,Network Engineer
843,female,23,72,67,80,80,82,76,74,99,6,7,0,BASH/SHELL,Network Engineer
844,female,22,72,69,75,82,78,66,72,64,8,4,2,Linux,Network Engineer
845,female,21,72,70,59,67,98,76,74,78,8,7,2,R,DATA Scientist
846,female,23,72,70,83,89,78,42,70,30,6,4,1,Cisco Packet tracer,Network Engineer
847,male,25,72,71,80,88,78,56,82,66,6,6,1,BASH/SHELL,Network Engineer
848,male,22,72,72,66,59,86,72,79,66,7,4,3,R,DATA Scientist
849,female,23,72,72,83,71,65,46,68,100,8,7,2,R,DATA Scientist
850,,,72,72,80,,,,87,,6,4,1,Cisco Packet tracer,Network Engineer
851,female,21,72,73,86,84,73,76,77,94,8,5,1,Python,Network Engineer
852,male,23,72,74,60,65,98,54,63,72,9,6,1,Deep Learning,DATA Scientist
853,female,21,72,74,63,67,98,80,78,70,8,6,3,Python,DATA Scientist
854,male,21,72,74,68,62,97,74,60,27,7,7,1,Python,DATA Scientist
855,female,21,72,74,73,60,87,48,65,62,7,6,4,Tensorflow,DATA Scientist
856,female,24,72,74,81,83,53,68,68,83,7,7,1,Python,DATA Scientist
857,male,23,72,74,78,73,65,74,74,100,7,6,4,Tensorflow,DATA Scientist
858,,,72,74,76,,,,82,27,7,7,1,Python,DATA Scientist
859,,,72,74,87,,,,80,62,7,6,4,Tensorflow,DATA Scientist
860,male,21,72,77,74,59,90,62,80,83,7,7,1,Python,DATA Scientist
861,female,23,72,77,,61,37,46,66,54,,,3,Python,DATA Scientist
862,,,72,77,,,,,87,,,,3,Python,DATA Scientist
863,female,23,72,81,75,69,78,76,71,74,8,5,1,Deep Learning,DATA Scientist
864,male,23,72,81,,70,37,58,69,58,,,3,Python,DATA Scientist
865,,,72,81,,,,,76,,,,3,Python,DATA Scientist
866,female,21,72,86,73,56,93,74,63,62,7,7,1,Python,DATA Scientist
867,female,25,72,89,88,71,39,66,82,64,5,3,2,MYSQL,Database Administrator
868,female,21,72,93,83,78,64,74,72,85,6,6,2,Oracle,Database Administrator
869,male,22,73,46,81,89,72,42,78,54,6,6,1,Cisco Packet tracer,Network Engineer
870,female,23,73,58,81,90,72,76,89,81,5,7,2,Python,Network Engineer
871,male,22,73,60,78,89,83,64,83,43,7,5,0,BASH/SHELL,Network Engineer
872,male,23,73,63,76,82,79,78,90,90,6,5,2,Wire Shark,Network Engineer
873,female,21,73,67,87,82,80,68,89,79,8,7,0,BASH/SHELL,Network Engineer
874,female,22,73,69,87,99,68,78,83,70,8,5,0,Python,Network Engineer
875,female,21,73,74,61,56,75,68,67,93,8,4,3,Deep Learning,DATA Scientist
876,male,22,73,75,56,60,90,76,72,42,6,6,1,Pytorch,DATA Scientist
877,female,21,73,79,66,63,78,70,73,83,7,5,1,Pytorch,DATA Scientist
878,male,21,73,80,88,85,61,66,71,42,6,5,0,Oracle,Database Administrator
879,female,21,73,80,88,71,57,74,84,52,7,5,3,Oracle,Database Administrator
880,male,21,73,81,79,63,51,58,71,66,4,4,0,HTML/CSS,Database Administrator
881,female,22,73,81,80,83,53,78,69,62,4,4,0,Linux,Database Administrator
882,male,22,73,82,59,55,83,78,61,71,6,5,1,Tensorflow,DATA Scientist
883,male,22,73,82,66,62,93,76,61,68,7,6,1,Pytorch,DATA Scientist
884,male,22,73,83,72,65,43,74,75,71,5,6,3,C/C++,Database Administrator
885,male,22,73,86,59,62,86,72,70,56,6,6,2,Python,DATA Scientist
886,female,22,73,86,79,64,65,76,67,71,4,4,0,Linux,Database Administrator
887,,,73,86,80,65,43,74,90,52,6,5,1,Tensorflow,DATA Scientist
888,female,23,73,91,86,69,37,78,76,74,4,5,0,Linux,Database Administrator
889,female,20,73,93,88,71,35,64,70,91,4,7,2,C/C++,Database Administrator
890,female,22,74,49,80,98,79,68,90,97,8,4,1,Wire Shark,Network Engineer
891,female,23,74,51,79,100,76,76,74,73,6,6,1,Ansible,Network Engineer
892,female,21,74,56,86,89,74,70,78,73,7,5,0,Ansible,Network Engineer
893,female,23,74,57,84,99,70,78,84,80,6,4,0,Linux,Network Engineer
894,male,21,74,64,76,87,71,62,78,86,6,6,1,Cisco Packet tracer,Network Engineer
895,female,23,74,64,85,87,75,74,87,100,5,6,1,Wire Shark,Network Engineer
896,female,20,74,71,89,87,76,70,78,62,7,7,0,Wire Shark,Network Engineer
897,male,23,74,73,75,96,72,70,73,52,8,7,0,BASH/SHELL,Network Engineer
898,male,23,74,77,74,65,86,80,73,54,9,7,1,Machine Learning,DATA Scientist
899,male,23,74,77,,60,36,72,74,60,,,3,Machine Learning,DATA Scientist
900,,,74,77,,,,,87,77,7,4,3,Deep Learning,DATA Scientist
901,female,21,74,79,56,69,92,64,79,77,7,4,3,Deep Learning,DATA Scientist
902,male,22,74,80,70,59,82,76,64,78,8,4,1,Deep Learning,DATA Scientist
903,female,21,74,81,76,63,56,58,66,79,6,7,2,C/C++,Database Administrator
904,female,20,74,82,79,76,46,74,71,76,6,3,2,Oracle,Database Administrator
905,male,23,74,83,64,63,93,78,80,80,9,4,4,Machine Learning,DATA Scientist
906,male,23,74,84,68,63,97,74,61,70,9,6,3,R,DATA Scientist
907,male,21,74,87,65,64,78,52,60,75,9,7,1,R,DATA Scientist
908,female,20,74,87,77,77,51,74,66,38,4,4,3,Linux,Database Administrator
909,female,23,74,87,65,73,65,68,74,62,7,7,2,Linux,Network Engineer
910,,,74,87,77,,,,89,,6,6,4,Pytorch,DATA Scientist
911,female,22,74,90,72,69,58,78,74,56,5,3,1,C/C++,Database Administrator
912,female,22,74,91,71,64,50,76,78,76,6,5,2,HTML/CSS,Database Administrator
913,male,22,74,97,82,84,36,60,81,68,7,6,1,HTML/CSS,Database Administrator
914,female,23,74,100,85,73,65,54,78,56,6,6,0,HTML/CSS,Database Administrator
915,female,24,75,62,85,84,79,54,87,50,8,6,2,Ansible,Network Engineer
916,female,21,75,63,88,99,85,72,84,84,8,4,1,Linux,Network Engineer
917,male,22,75,70,59,69,91,74,65,79,7,5,3,Pytorch,DATA Scientist
918,male,21,75,70,67,58,75,78,78,70,6,5,3,Tensorflow,DATA Scientist
919,male,23,75,70,65,87,76,68,64,71,9,6,4,Java,Software Engineer
920,female,23,75,70,77,83,39,74,75,59,4,6,3,Deep Learning,DATA Scientist
921,,,75,70,65,,,,78,,7,5,1,Tensorflow,DATA Scientist
922,,,75,70,77,,,,87,,6,5,3,Oracle,Software Engineer
923,female,22,75,74,74,67,94,70,73,83,8,5,3,Deep Learning,DATA Scientist
924,female,23,75,74,83,74,45,48,71,60,7,5,6,BASH/SHELL,Network Engineer
925,,,75,74,76,,,,82,,4,7,2,BASH/SHELL,Network Engineer
926,male,22,75,79,83,77,81,80,68,52,7,3,6,Angular,Software Engineer
927,male,23,75,81,76,77,77,76,66,67,7,5,7,Java,Software Engineer
928,male,23,75,84,62,62,95,80,73,73,6,5,2,Python,DATA Scientist
929,female,24,75,86,79,79,71,74,65,63,7,6,6,Java,Software Engineer
930,male,22,75,87,60,62,89,54,71,50,9,6,2,Deep Learning,DATA Scientist
931,female,23,75,90,72,67,92,70,72,75,9,5,1,Tensorflow,DATA Scientist
932,male,23,75,92,76,76,78,48,65,43,9,5,4,Oracle,Software Engineer
933,male,20,75,92,81,71,63,78,77,47,7,5,0,HTML/CSS,Database Administrator
934,male,20,75,92,87,74,48,68,71,53,7,6,3,Linux,Database Administrator
935,female,24,75,95,74,71,35,80,70,68,4,5,2,HTML/CSS,Database Administrator
936,female,21,75,96,78,85,37,74,68,61,5,7,1,HTML/CSS,Database Administrator
937,male,24,75,99,71,80,35,64,71,54,7,3,2,Linux,Database Administrator
938,female,21,76,64,89,84,67,56,89,70,6,6,1,BASH/SHELL,Network Engineer
939,male,23,76,65,75,98,79,44,82,62,7,5,0,Cisco Packet tracer,Network Engineer
940,female,22,76,65,90,89,81,74,83,76,7,6,0,BASH/SHELL,Network Engineer
941,female,23,76,66,79,99,70,78,75,78,8,5,1,Python,Network Engineer
942,male,21,76,69,79,85,80,60,75,65,5,4,1,Ansible,Network Engineer
943,male,22,76,69,83,94,74,78,90,15,5,4,0,Ansible,Network Engineer
944,male,23,76,72,89,88,78,54,80,50,6,6,2,Ansible,Network Engineer
945,male,22,76,73,81,89,81,46,77,77,7,6,1,Ansible,Network Engineer
946,female,22,76,78,55,60,83,76,76,58,9,5,2,Deep Learning,DATA Scientist
947,female,22,76,80,81,87,76,78,72,100,7,5,6,C/C++,Software Engineer
948,male,22,76,81,56,65,99,80,63,74,8,4,1,Tensorflow,DATA Scientist
949,female,23,76,86,84,90,78,62,62,45,9,7,7,React,Software Engineer
950,female,22,76,87,87,89,85,72,73,77,7,5,4,Python,Software Engineer
951,female,21,76,88,66,70,78,74,67,68,6,7,2,Python,DATA Scientist
952,female,23,77,48,75,93,82,70,77,73,8,5,0,Wire Shark,Network Engineer
953,female,21,77,50,78,92,81,62,75,84,7,6,0,Wire Shark,Network Engineer
954,male,21,77,50,80,97,68,56,70,64,8,6,1,Python,Network Engineer
955,female,21,77,52,79,94,67,78,75,94,8,5,2,Cisco Packet tracer,Network Engineer
956,male,24,77,56,77,93,83,72,79,47,8,6,2,Linux,Network Engineer
957,male,21,77,70,69,61,79,58,72,46,6,5,3,Tensorflow,DATA Scientist
958,male,23,77,70,82,99,81,64,82,52,6,5,0,Wire Shark,Network Engineer
959,male,23,77,72,84,95,80,74,90,54,8,4,1,Ansible,Network Engineer
960,female,23,77,75,85,90,78,64,75,32,10,6,7,HTML/CSS,Software Engineer
961,male,23,77,76,70,67,98,68,61,42,6,4,2,Python,DATA Scientist
962,female,23,77,86,87,89,85,68,75,58,10,6,5,HTML/CSS,Software Engineer
963,female,22,77,90,64,56,88,68,74,66,6,6,1,Pytorch,DATA Scientist
964,female,22,77,90,70,80,84,78,71,73,2,6,,MYSQL,Software Engineer
965,,,77,90,87,,80,88,72,,-2,6,,Python,DATA Scientist
966,female,23,77,91,84,77,78,76,74,53,10,6,8,Python,Software Engineer
967,female,23,77,92,88,82,82,76,69,63,7,7,8,MYSQL,Software Engineer
968,male,21,78,60,87,85,84,60,72,49,8,7,0,Python,Network Engineer
969,male,21,78,68,80,86,73,64,76,46,6,4,1,Python,Network Engineer
970,male,21,78,69,84,86,84,62,77,58,8,5,0,BASH/SHELL,Network Engineer
971,male,24,78,70,71,56,93,46,61,60,7,6,4,Pytorch,DATA Scientist
972,male,21,78,72,59,67,91,56,74,82,7,5,4,Python,DATA Scientist
973,male,21,78,73,59,58,85,78,79,67,8,7,2,Pytorch,DATA Scientist
974,female,24,78,73,,66,48,78,67,60,,,3,Machine Learning,DATA Scientist
975,,,78,73,,,,,71,,,,3,Machine Learning,DATA Scientist
976,male,24,78,79,84,88,84,58,74,57,7,5,7,C/C++,Software Engineer
977,male,23,78,85,90,82,71,74,74,77,8,7,4,React,Software Engineer
978,female,22,78,86,56,55,90,78,66,80,7,6,4,R,DATA Scientist
979,female,22,78,86,74,66,79,64,62,77,8,4,1,Tensorflow,DATA Scientist
980,male,23,78,88,56,69,97,52,77,76,7,7,4,Machine Learning,DATA Scientist
981,female,23,78,88,57,61,77,48,71,84,6,7,1,Deep Learning,DATA Scientist
982,male,23,78,91,87,76,83,64,72,53,9,7,5,Linux,Software Engineer
983,female,21,79,49,75,100,79,54,78,43,7,6,2,BASH/SHELL,Network Engineer
984,male,22,79,54,80,97,76,74,88,88,7,4,1,Python,Network Engineer
985,male,22,79,64,86,100,85,62,87,80,7,6,0,BASH/SHELL,Network Engineer
986,male,21,79,70,88,97,68,78,82,70,5,6,1,BASH/SHELL,Network Engineer
987,female,21,79,73,88,92,80,38,78,62,6,7,2,Python,Network Engineer
988,female,22,79,75,87,76,74,72,73,51,7,6,7,Python,Software Engineer
989,male,23,79,76,62,70,85,78,79,43,6,5,4,Machine Learning,DATA Scientist
990,male,23,79,78,61,58,79,66,71,52,9,6,2,Tensorflow,DATA Scientist
991,female,23,79,81,76,77,82,78,62,100,10,6,7,HTML/CSS,Software Engineer
992,female,22,79,83,87,78,77,80,68,70,7,6,4,Python,Software Engineer
993,female,24,79,84,83,77,71,74,74,85,8,7,5,Javascript,Software Engineer
994,female,23,79,85,62,60,78,76,63,68,6,7,2,Python,DATA Scientist
995,male,22,79,89,68,58,95,62,74,64,6,6,1,Tensorflow,DATA Scientist
996,female,23,79,89,,71,39,56,72,67,,,,HTML/CSS,Software Engineer
997,,,79,89,,,,,84,,,,,Python,Software Engineer
998,female,22,79,92,78,80,74,78,74,91,10,6,4,Java,Software Engineer
999,female,25,80,47,88,91,74,72,71,71,6,5,0,Python,Network Engineer
1000,male,24,80,50,75,92,69,66,78,62,6,7,1,Cisco Packet tracer,Network Engineer
1001,female,23,80,54,89,85,77,78,83,62,5,6,0,Python,Network Engineer
